county,year,maize_area_ha,maize_production_tons,beans_area_ha,beans_production_tons,sorghum_area_ha,sorghum_production_tons,green_grams_area_ha,green_grams_production_tons,irish_potatoes_area_ha,irish_potatoes_production_tons,tea_made_tea_kg,tea_green_leaf_tea_kg,coffee_total_area_ha,maize_yield_t_per_ha,beans_yield_t_per_ha,sorghum_yield_t_per_ha,green_grams_yield_t_per_ha,irish_potatoes_yield_t_per_ha,rainfall_mm,avg_temp_c,soil_ph
Baringo,2019,45171.0,70810.0,21020.0,19977.0,1028.0,1209.0,684.0,494.0,3733.0,39084.0,,,,1.5675986805693918,0.9503805899143672,1.1760700389105059,0.7222222222222222,10.469863380658987,1984.53,16.047123287671234,5.4
Baringo,2020,47437.0,68374.0,20914.0,24647.0,1467.0,2261.0,1055.0,980.0,3597.0,39207.0,,,,1.4413643358559773,1.178492875585732,1.5412406271301977,0.9289099526066351,10.899916597164303,2471.95,15.371420765027322,5.4
Baringo,2021,34709.0,59169.0,19669.0,16289.0,1448.0,562.0,659.0,732.0,3363.0,45215.0,,,,1.7047163559883605,0.828155981493721,0.38812154696132595,1.110773899848255,13.444840915848944,1610.9,15.425123287671234,5.4
Baringo,2022,37894.0,50820.0,23804.0,21616.0,1590.0,557.0,739.0,530.0,3504.0,29998.0,,,1215.4,1.341109410460759,0.9080826751806419,0.350314465408805,0.7171853856562923,8.56107305936073,1595.46,15.519945205479452,5.4
Baringo,2023,42501.0,94877.0,23677.0,22501.0,1666.0,1822.0,751.0,901.0,3565.0,37205.0,,,1355.0,2.2323474741770784,0.9503315453815939,1.0936374549819927,1.1997336884154461,10.436185133239832,2202.71,15.881561643835617,5.4
Baringo,2024,47457.0,83958.0,29922.0,26699.0,1750.0,2296.0,1647.0,1733.0,3775.0,42900.0,,,1562.0,1.7691383778999936,0.8922866118574961,1.312,1.0522161505768064,11.364238410596027,2464.54,15.830683060109289,5.4
Bomet,2019,34476.0,74728.0,32273.0,42592.0,1535.0,2959.0,0.0,0.0,4193.0,41468.0,80542972.0,,,2.167536837220095,1.3197409599355499,1.927687296416938,,9.889816360601001,1373.85,18.779424657534246,5.7
Bomet,2020,42763.0,73610.0,30570.0,41923.0,2165.0,4920.0,0.0,0.0,3505.0,35504.0,91506860.0,388904155.0,,1.7213478942076095,1.3713771671573438,2.272517321016166,,10.129529243937233,1827.57,16.909562841530054,5.7
Bomet,2021,40480.0,58685.0,29255.0,28263.0,2046.0,4245.0,0.0,0.0,3526.0,36320.0,92503333.0,393139166.0,,1.4497282608695652,0.9660912664501795,2.0747800586510263,,10.300623936471922,853.45,18.00227397260274,5.7
Bomet,2022,27597.0,43287.0,29891.0,30320.0,1777.0,2138.0,0.0,0.0,6680.0,78135.0,97164045.0,412947191.0,273.0,1.5685400587020328,1.0143521461309424,1.2031513787281936,,11.696856287425149,805.47,18.444219178082193,5.7
Bomet,2023,27250.0,63230.0,12803.0,12377.0,734.0,1148.0,0.0,0.0,3935.0,37383.0,110665892.0,470330041.0,293.0,2.320366972477064,0.9667265484652035,1.564032697547684,,9.50012706480305,894.8,19.012465753424657,5.7
Bomet,2024,33491.0,52714.0,18545.0,13368.0,1333.0,1434.0,0.0,0.0,1950.0,29250.0,115112487.8,489228073.1,304.0,1.5739750977874654,0.720841197088164,1.075768942235559,,15.0,1754.47,17.61655737704918,5.7
Bungoma,2019,94635.0,315711.0,78930.0,56775.0,532.0,800.0,222.0,243.0,3164.0,31643.0,,,,3.336091298145506,0.7193082478145192,1.5037593984962405,1.0945945945945945,10.00094816687737,2316.38,17.52449315068493,5.9
Bungoma,2020,87960.0,317912.0,78644.0,51186.0,599.0,916.0,349.0,339.0,1946.0,19734.0,,,,3.614279217826285,0.650857026600885,1.5292153589315527,0.9713467048710601,10.140801644398767,3451.58,16.69431693989071,5.9
Bungoma,2021,93214.0,269443.0,87218.0,60141.0,510.0,765.0,250.0,258.0,1883.0,24936.0,,,,2.8905851052417018,0.6895480290765668,1.5,1.032,13.242697822623473,1630.65,17.02345205479452,5.9
Bungoma,2022,92464.0,275420.0,87724.0,49948.0,516.0,631.0,165.0,84.0,9436.0,100694.0,,,7725.0,2.9786727807579165,0.5693766814098764,1.2228682170542635,0.509090909090909,10.67125900805426,1917.3799999999999,17.134849315068493,5.9
Bungoma,2023,92847.0,222912.0,63445.0,45073.0,488.0,762.0,237.0,135.0,2153.0,27217.0,,,8098.0,2.4008530162525443,0.7104263535345575,1.5614754098360655,0.569620253164557,12.641430562006503,2274.35,17.420027397260274,5.9
Bungoma,2024,90297.0,207846.0,64096.0,43390.0,516.0,860.0,171.0,194.0,7531.0,73081.0,,,8262.0,2.301804046646068,0.67695332001997,1.6666666666666667,1.1345029239766082,9.704023370070376,2917.31,17.27901639344262,5.9
Busia,2019,61850.0,67445.0,21083.0,21412.0,10318.0,14996.0,245.0,146.0,0.0,0.0,,,,1.0904607922392886,1.0156049898022104,1.4533824384570653,0.5959183673469388,,2356.66,21.952465753424658,5.4
Busia,2020,48150.0,69450.0,31065.0,24034.0,9574.0,11060.0,228.0,97.0,0.0,0.0,,,,1.442367601246106,0.773668115242234,1.1552120325882598,0.42543859649122806,,3194.82,21.243524590163936,5.4
Busia,2021,33810.0,42028.0,22314.0,13349.0,8865.0,5984.0,209.0,90.0,0.0,0.0,,,,1.243064182194617,0.5982342923725016,0.675014100394811,0.430622009569378,,1265.41,21.838794520547946,5.4
Busia,2022,42476.0,64360.0,21528.0,16583.0,5044.0,5079.0,219.0,107.0,0.0,0.0,,,204.0,1.51520858837932,0.7702991452991453,1.0069389373513085,0.4885844748858447,,1603.98,22.233780821917808,5.4
Busia,2023,44097.0,71237.0,23069.0,18090.0,5392.0,7710.0,225.0,104.0,0.0,0.0,,,212.0,1.6154613692541442,0.7841692314361264,1.4298961424332344,0.4622222222222222,,2247.55,22.401999999999997,5.4
Busia,2024,44204.0,77934.0,21160.0,17847.0,5891.0,8001.0,234.0,116.0,0.0,0.0,,,103.0,1.7630531173649444,0.8434310018903591,1.3581734849770837,0.49572649572649574,,2042.27,22.200573770491804,5.4
Elgeyo Marakwet,2019,31779.0,104487.0,0.0,0.0,0.0,0.0,0.0,0.0,0.0,0.0,,,,3.287925988860568,,,,,1700.04,19.715150684931505,5.9
Elgeyo Marakwet,2020,25856.0,87431.0,19858.0,8856.0,325.0,393.0,743.0,320.0,32005.0,374379.0,1258509.0,5348663.0,,3.381458849009901,0.4459663611642663,1.2092307692307693,0.4306864064602961,11.69751601312295,2371.42,18.528032786885248,5.9
Elgeyo Marakwet,2021,31351.0,86007.0,19872.0,7657.0,740.0,915.0,644.0,254.0,31370.0,425964.0,2532537.0,10763282.0,,2.7433574686612867,0.38531602254428343,1.2364864864864864,0.3944099378881988,13.5787057698438,1503.76,18.920136986301372,5.9
Elgeyo Marakwet,2022,31713.0,72330.0,19540.0,6356.0,735.0,936.0,581.0,196.0,28670.0,276700.0,2352684.0,9998907.0,,2.2807681392488885,0.3252814738996929,1.273469387755102,0.3373493975903614,9.651203348447854,1518.89,19.219205479452054,5.9
Elgeyo Marakwet,2023,43133.0,150221.0,25610.0,28578.0,1072.0,1996.0,703.0,413.0,25143.0,259252.0,2062108.0,8763959.0,,3.4827394338441566,1.1158922295978133,1.8619402985074627,0.5874822190611664,10.311100505110767,2012.75,19.322027397260275,5.9
Elgeyo Marakwet,2024,42182.0,117786.0,25862.0,15821.0,1150.0,2607.0,258.0,237.0,23967.0,279273.0,953060.0,4050505.0,,2.7923284813427527,0.6117469646585724,2.2669565217391305,0.9186046511627907,11.652397045938166,2069.99,19.07953551912568,5.9
Embu,2019,34100.0,28368.0,22758.0,13402.0,7043.0,8375.0,12008.0,5622.0,236.0,2270.0,11957213.0,,,0.8319061583577713,0.5888918182617102,1.1891239528609967,0.46818787475016654,9.61864406779661,1318.96,18.155123287671234,6.0
Embu,2020,35130.0,34650.0,20376.0,14143.0,6425.0,3358.0,12248.0,7552.0,268.0,1995.0,14764654.0,62749779.0,,0.986336464560205,0.6941009030231645,0.5226459143968871,0.6165904637491836,7.4440298507462686,1528.69,17.095437158469945,6.0
Embu,2021,35925.0,31378.0,21360.0,13841.0,5138.0,1389.0,11537.0,4634.0,274.0,2057.0,12459102.0,52951182.0,,0.8734307585247042,0.6479868913857678,0.27033865317244066,0.40166421080003467,7.507299270072993,1112.43,17.46712328767123,6.0
Embu,2022,34506.0,10077.0,21280.0,18151.0,3741.0,1629.0,11667.0,4710.0,281.0,2592.0,12574749.0,53442682.0,6881.9,0.2920361676230221,0.8529605263157894,0.43544506816359263,0.4037027513499614,9.224199288256228,1631.46,16.771753424657533,6.0
Embu,2023,34500.0,41327.0,21380.0,10308.0,3857.0,6491.0,12042.0,6025.0,295.0,2101.0,13150541.0,55889799.0,6888.0,1.1978840579710144,0.48213283442469596,1.682914182006741,0.5003321707357582,7.122033898305085,1765.62,17.371780821917806,6.0
Embu,2024,34750.0,25659.0,21400.0,6470.0,2854.0,1127.0,12707.0,5071.0,302.0,2595.0,13751303.7,58443040.8,7078.0,0.7383884892086331,0.30233644859813086,0.3948843728100911,0.3990713779806406,8.592715231788079,1944.99,17.39912568306011,6.0
Garissa,2019,150.0,109.0,0.0,0.0,49.0,34.0,82.0,61.0,0.0,0.0,,,,0.7266666666666667,,0.6938775510204082,0.7439024390243902,,960.3,28.20397260273973,7.5
Garissa,2020,238.0,296.0,0.0,0.0,81.0,196.0,18.0,27.0,0.0,0.0,,,,1.2436974789915967,,2.419753086419753,1.5,,745.71,27.859043715846994,7.5
Garissa,2021,145.0,71.0,0.0,0.0,69.0,71.0,28.0,37.0,0.0,0.0,,,,0.4896551724137931,,1.0289855072463767,1.3214285714285714,,605.56,28.14454794520548,7.5
Garissa,2022,107.0,70.0,0.0,0.0,53.0,47.0,21.0,23.0,0.0,0.0,,,,0.6542056074766355,,0.8867924528301887,1.0952380952380953,,711.96,27.911780821917805,7.5
Garissa,2023,142.0,132.0,0.0,0.0,130.0,111.0,77.0,34.0,0.0,0.0,,,,0.9295774647887324,,0.8538461538461538,0.44155844155844154,,1257.48,27.672520547945204,7.5
Garissa,2024,222.0,382.0,0.0,0.0,144.0,126.0,123.0,88.0,0.0,0.0,,,,1.7207207207207207,,0.875,0.7154471544715447,,553.59,28.629398907103827,7.5
Homa Bay,2019,72793.0,102742.0,48558.0,29696.0,26503.0,27243.0,667.0,426.0,0.0,0.0,,,,1.4114269229184124,0.6115573129041558,1.0279213673923706,0.638680659670165,,2315.97,23.889342465753426,6.6
Homa Bay,2020,72097.0,92394.0,49900.0,32850.0,25377.0,26489.0,738.0,518.0,0.0,0.0,,,,1.2815235030583796,0.6583166332665331,1.043819206367971,0.7018970189701897,,2383.98,23.191530054644808,6.6
Homa Bay,2021,79608.0,82278.0,43074.0,30431.0,20466.0,22691.0,603.0,675.0,0.0,0.0,,,,1.0335393427796202,0.7064818684124994,1.108716896315841,1.1194029850746268,,1998.62,23.735698630136987,6.6
Homa Bay,2022,72215.0,86658.0,38739.0,25436.0,32585.0,20965.0,612.0,574.0,0.0,0.0,,,429.0,1.2,0.6565992927024445,0.6433941997851772,0.9379084967320261,,1830.1,23.37994520547945,6.6
Homa Bay,2023,78795.0,115635.0,28052.0,20308.0,24740.0,28042.0,936.0,885.0,0.0,0.0,,,455.0,1.4675423567485246,0.7239412519606445,1.1334680679062248,0.9455128205128205,,3034.65,23.906712328767124,6.6
Homa Bay,2024,89172.0,146866.0,31949.0,28739.0,36052.0,48347.0,887.0,737.0,0.0,0.0,,,464.0,1.646996815143767,0.8995273717487245,1.3410351714190614,0.830890642615558,,2383.8,24.037868852459017,6.6
Isiolo,2019,530.0,749.0,314.0,79.0,37.0,7.0,115.0,44.0,0.0,0.0,,,,1.4132075471698113,0.2515923566878981,0.1891891891891892,0.3826086956521739,,820.77,23.700383561643832,7.2
Isiolo,2020,586.0,42.0,90.0,7.0,0.0,0.0,16.0,9.0,0.0,0.0,,,,0.07167235494880546,0.07777777777777778,,0.5625,,1068.22,22.784344262295082,7.2
Isiolo,2021,147.0,139.0,155.0,115.0,6.0,6.0,44.0,17.0,0.0,0.0,,,,0.9455782312925171,0.7419354838709677,1.0,0.38636363636363635,,696.48,23.19150684931507,7.2
Isiolo,2022,129.0,94.0,134.0,74.0,0.0,0.0,22.0,18.0,0.0,0.0,,,,0.7286821705426356,0.5522388059701493,,0.8181818181818182,,943.54,22.57156164383562,7.2
Isiolo,2023,256.0,176.0,114.0,42.0,0.0,0.0,47.0,27.0,0.0,0.0,,,,0.6875,0.3684210526315789,,0.574468085106383,,1025.49,23.02172602739726,7.2
Isiolo,2024,288.0,576.0,150.0,61.0,0.0,0.0,28.0,30.0,0.0,0.0,,,,2.0,0.4066666666666667,,1.0714285714285714,,1229.85,23.032677595628414,7.2
Kajiado,2019,17511.0,16189.0,49621.0,31812.0,10.0,9.0,134.0,67.0,1028.0,4335.0,,,,0.9245045971103878,0.6410995344712924,0.9,0.5,4.216926070038911,612.25,21.20035616438356,6.5
Kajiado,2020,31384.0,15543.0,49821.0,43846.0,10.0,9.0,39.0,28.0,1378.0,6845.0,,,,0.4952523578893704,0.8800706529375163,0.9,0.717948717948718,4.967343976777939,783.85,20.314398907103826,6.5
Kajiado,2021,4808.0,2864.0,2370.0,1581.0,15.0,22.0,20.0,28.0,1073.0,4431.0,,,,0.5956738768718802,0.6670886075949367,1.4666666666666666,1.4,4.129543336439888,462.8,20.69123287671233,6.5
Kajiado,2022,32159.0,13063.0,49930.0,24286.0,9.0,5.0,38.0,18.0,1459.0,14119.0,,,5.4,0.40620044155601853,0.48640096134588423,0.5555555555555556,0.47368421052631576,9.677176148046607,385.75,20.673506849315068,6.5
Kajiado,2023,33241.0,40733.0,47957.0,42525.0,2.0,2.0,87.0,48.0,1699.0,10874.0,,,15.0,1.225384314551307,0.8867318639614655,1.0,0.5517241379310345,6.400235432607416,717.2,20.713643835616438,6.5
Kajiado,2024,21906.0,40573.0,57493.0,38890.0,36.0,39.0,93.0,62.0,1349.0,11461.0,,,17.0,1.8521409659454031,0.6764301741081523,1.0833333333333333,0.6666666666666666,8.49592290585619,677.34,21.114781420765027,6.5
Kakamega,2019,95390.0,259003.0,60653.0,34869.0,494.0,618.0,2.0,1.0,22.0,143.0,,,,2.7152007547961,0.5748932451816069,1.2510121457489878,0.5,6.5,2667.79,19.253643835616437,5.6
Kakamega,2020,83773.0,226888.0,51851.0,27031.0,387.0,505.0,4.0,2.0,17.0,135.0,,14119034.0,,2.708366657514951,0.5213207074116217,1.3049095607235142,0.5,7.9411764705882355,3457.72,18.41655737704918,5.6
Kakamega,2021,98415.0,262506.0,65341.0,31414.0,656.0,755.0,69.0,8.0,23.0,196.0,,10899848.0,,2.6673372961438804,0.48077011371114614,1.1509146341463414,0.11594202898550725,8.521739130434783,1792.03,18.7153698630137,5.6
Kakamega,2022,100641.0,154369.0,72882.0,31120.0,669.0,446.0,110.0,41.0,14.0,125.0,,9018857.0,351.0,1.533857970409674,0.426991575423287,0.6666666666666666,0.37272727272727274,8.928571428571429,2004.64,18.875479452054794,5.6
Kakamega,2023,87532.0,132572.0,49279.0,43540.0,448.0,575.0,30.0,22.0,8.0,90.0,,10411841.0,384.0,1.5145546771466436,0.883540656263317,1.2834821428571428,0.7333333333333333,11.25,2518.62,19.151534246575345,5.6
Kakamega,2024,105181.0,212753.0,59128.0,16021.0,895.0,860.0,81.0,30.0,10.0,125.0,,13562992.4,400.0,2.0227322425152834,0.2709545393045596,0.9608938547486033,0.37037037037037035,12.5,2945.95,19.014098360655737,5.6
Kakamega/Vihiga,2019,0.0,0.0,0.0,0.0,0.0,0.0,0.0,0.0,0.0,0.0,3549444.0,,,,,,,,2667.79,19.253643835616437,5.6
Kakamega/Vihiga,2020,0.0,0.0,0.0,0.0,0.0,0.0,0.0,0.0,0.0,0.0,3322126.0,,,,,,,,3457.72,18.41655737704918,5.6
Kakamega/Vihiga,2021,0.0,0.0,0.0,0.0,0.0,0.0,0.0,0.0,0.0,0.0,2564670.0,,,,,,,,1792.03,18.7153698630137,5.6
Kakamega/Vihiga,2022,0.0,0.0,0.0,0.0,0.0,0.0,0.0,0.0,0.0,0.0,2122084.0,,,,,,,,2004.64,18.875479452054794,5.6
Kakamega/Vihiga,2023,0.0,0.0,0.0,0.0,0.0,0.0,0.0,0.0,0.0,0.0,2449845.0,,,,,,,,2518.62,19.151534246575345,5.6
Kakamega/Vihiga,2024,0.0,0.0,0.0,0.0,0.0,0.0,0.0,0.0,0.0,0.0,3191292.3,,,,,,,,2945.95,19.014098360655737,5.6
Kericho,2019,32050.0,85815.0,17528.0,14935.0,675.0,1215.0,0.0,0.0,559.0,5031.0,85540642.0,,,2.677535101404056,0.8520652670013692,1.8,,9.0,2668.85,20.31772602739726,5.7
Kericho,2020,34397.0,92731.0,18492.0,11812.0,735.0,1440.0,0.0,0.0,595.0,4601.0,102580820.0,435968487.0,,2.69590371253307,0.6387627081981397,1.9591836734693877,,7.7327731092436975,3088.7599999999998,19.567049180327867,5.7
Kericho,2021,35068.0,98746.0,18222.0,20543.0,764.0,1375.0,0.0,0.0,618.0,6798.0,102421046.0,435289445.0,,2.8158435040492757,1.1273735045549336,1.799738219895288,,11.0,2000.8,19.95194520547945,5.7
Kericho,2022,40530.0,85975.0,22151.0,21815.0,954.0,1288.0,0.0,0.0,546.0,6006.0,101868782.0,432942324.0,4842.0,2.1212681963977302,0.9848313845876032,1.350104821802935,,11.0,1880.69,19.823616438356165,5.7
Kericho,2023,40643.0,111130.0,23261.0,25336.0,985.0,1064.0,0.0,0.0,704.0,8518.0,104846091.0,445595887.0,5099.0,2.734296188765593,1.0892051072610809,1.0802030456852791,,12.099431818181818,3064.59,20.238246575342465,5.7
Kericho,2024,43908.0,134358.0,24477.0,26675.0,1049.0,1228.0,0.0,0.0,773.0,5745.0,105842845.0,449832091.1,5457.0,3.0599890680513804,1.0897985864280753,1.1706387035271688,,7.432082794307892,2975.64,20.182377049180328,5.7
Kiambu,2019,31447.0,83239.0,25926.0,19538.0,100.0,59.0,22.0,17.0,19740.0,90000.0,38109742.0,,,2.6469615543613063,0.7536064182673764,0.59,0.7727272727272727,4.5592705167173255,738.74,19.523671232876712,5.8
Kiambu,2020,31528.0,43259.0,26284.0,27700.0,0.0,0.0,16.0,16.0,16403.0,112743.0,47998529.0,203993750.0,,1.372081958893682,1.0538730786790442,,1.0,6.873315856855453,1017.42,18.562131147540985,5.8
Kiambu,2021,30371.0,25563.0,24911.0,13383.0,0.0,0.0,16.0,14.0,18955.0,123904.0,41439513.0,176117931.0,,0.841691086892101,0.5372325478704187,,0.875,6.53674492218412,601.18,19.021095890410958,5.8
Kiambu,2022,29174.0,19655.0,24263.0,10819.0,0.0,0.0,16.0,8.0,19156.0,97539.0,39427425.0,167566554.0,20369.0,0.6737163227531363,0.445905287886906,,0.5,5.0918250156608895,477.37,19.06986301369863,5.8
Kiambu,2023,30537.0,29692.0,24288.0,10007.0,28.0,25.0,20.0,13.0,19206.0,102645.0,38992088.0,165716372.0,20369.0,0.9723286504895701,0.412014163372859,0.8928571428571429,0.65,5.344423617619494,809.61,19.244164383561642,5.8
Kiambu,2024,33534.0,39471.0,24711.0,13144.0,10.0,14.0,16.0,9.0,21327.0,126725.0,42699819.8,181474234.3,19746.0,1.1770441939524066,0.5319088664967019,1.4,0.5625,5.941998405776715,878.58,19.287322404371583,5.8
Kilifi,2019,72499.0,45769.0,52.0,31.0,408.0,580.0,5857.0,2890.0,0.0,0.0,,,,0.6313052593828881,0.5961538461538461,1.4215686274509804,0.49342666894314496,,1186.16,26.598657534246577,6.8
Kilifi,2020,71782.0,44585.0,50.0,18.0,403.0,76.0,7819.0,2581.0,0.0,0.0,,,,0.6211167144966705,0.36,0.18858560794044665,0.33009336232254766,,1026.45,25.789180327868852,6.8
Kilifi,2021,53943.0,26176.0,50.0,18.0,391.0,112.0,9307.0,1910.0,0.0,0.0,,,,0.4852529521902749,0.36,0.2864450127877238,0.20522187600730632,,704.07,26.508383561643836,6.8
Kilifi,2022,72748.0,47780.0,58.0,35.0,372.0,42.0,8046.0,2111.0,0.0,0.0,,,,0.6567878154725904,0.603448275862069,0.11290322580645161,0.26236639323887645,,804.57,26.33849315068493,6.8
Kilifi,2023,95674.0,81813.0,57.0,19.0,243.0,45.0,9260.0,2778.0,0.0,0.0,,,,0.8551226038422142,0.3333333333333333,0.18518518518518517,0.3,,1497.52,26.17468493150685,6.8
Kilifi,2024,51393.0,41907.0,3.0,1.0,26.0,6.0,3201.0,1071.0,0.0,0.0,,,,0.8154223337808651,0.3333333333333333,0.23076923076923078,0.3345829428303655,,820.3100000000001,26.53502732240437,6.8
Kirinyaga,2019,30406.0,45036.0,20470.0,7190.0,88.0,59.0,281.0,110.0,504.0,3442.0,17941192.0,,,1.481155035190423,0.3512457254518808,0.6704545454545454,0.3914590747330961,6.829365079365079,1153.5,21.037945205479453,5.5
Kirinyaga,2020,30505.0,40281.0,19216.0,8994.0,93.0,108.0,202.0,53.0,505.0,5845.0,22592750.0,96019187.0,,1.3204720537616783,0.4680474604496253,1.1612903225806452,0.2623762376237624,11.574257425742575,1365.57,19.889098360655737,5.5
Kirinyaga,2021,30373.0,24388.0,19943.0,6870.0,86.0,71.0,162.0,29.0,579.0,5565.0,20775793.0,88297120.0,,0.8029499884766075,0.3444817730532016,0.8255813953488372,0.17901234567901234,9.61139896373057,945.8,20.375041095890413,5.5
Kirinyaga,2022,30503.0,13547.0,24431.0,6790.0,73.0,25.0,121.0,10.0,219.0,460.0,18223513.0,77449931.0,10089.1,0.4441202504671672,0.27792558634521713,0.3424657534246575,0.08264462809917356,2.1004566210045663,994.01,20.235479452054793,5.5
Kirinyaga,2023,38467.0,49692.0,21816.0,23335.0,110.0,149.0,210.0,162.0,352.0,3001.0,20928919.0,88947907.0,10213.0,1.291808563184028,1.0696277961129446,1.3545454545454545,0.7714285714285715,8.525568181818182,1358.19,20.476109589041094,5.5
Kirinyaga,2024,28228.0,38468.0,17080.0,14506.0,40.0,61.0,117.0,15.0,183.0,1010.0,22645841.6,96244826.8,10412.0,1.3627603797647725,0.8492974238875878,1.525,0.1282051282051282,5.51912568306011,1593.21,20.336557377049182,5.5
Kisii,2019,66625.0,144480.0,49799.0,24149.0,146.0,152.0,0.0,0.0,53.0,438.0,19794854.0,,,2.1685553470919325,0.4849294162533384,1.0410958904109588,,8.264150943396226,2668.85,20.31772602739726,5.4
Kisii,2020,67286.0,132790.0,48645.0,28090.0,98.0,80.0,0.0,0.0,34.0,510.0,23630551.0,100429842.0,,1.9735160360253248,0.5774488642203721,0.8163265306122449,,15.0,3088.7599999999998,19.567049180327867,5.4
Kisii,2021,65876.0,96249.0,47594.0,31292.0,94.0,160.0,0.0,0.0,43.0,595.0,18594477.0,79026525.0,,1.4610632096666465,0.657477833340337,1.702127659574468,,13.837209302325581,2000.8,19.95194520547945,5.4
Kisii,2022,43735.0,79671.0,34104.0,21780.0,85.0,67.0,0.0,0.0,24.0,152.0,19867507.0,84436904.0,4579.0,1.8216760032010975,0.6386347642505278,0.788235294117647,,6.333333333333333,1880.69,19.823616438356165,5.4
Kisii,2023,66221.0,119244.0,48336.0,24392.0,117.0,98.0,0.0,0.0,46.0,382.0,18607195.0,79080581.0,4590.0,1.8006976638830583,0.5046342270771268,0.8376068376068376,,8.304347826086957,3064.59,20.238246575342465,5.4
Kisii,2024,65900.0,41087.0,47996.0,30831.0,257.0,242.0,0.0,0.0,46.0,415.0,24009924.7,102042179.8,4683.0,0.6234749620637329,0.6423660305025419,0.9416342412451362,,9.021739130434783,2975.64,20.182377049180328,5.4
Kisumu,2019,50228.0,69956.0,26243.0,19753.0,22540.0,21800.0,4632.0,2274.0,0.0,0.0,,,,1.392768973480927,0.7526959570171093,0.9671694764862466,0.49093264248704666,,2950.71,20.627972602739725,6.3
Kisumu,2020,46307.0,67307.0,22551.0,14748.0,20740.0,22974.0,3890.0,2497.0,0.0,0.0,,,,1.4534951519208759,0.6539843022482373,1.1077145612343298,0.6419023136246786,,3399.84,19.99292349726776,6.3
Kisumu,2021,62600.0,40990.0,25130.0,10197.0,20800.0,19742.0,3990.0,1697.0,0.0,0.0,,,,0.6547923322683706,0.4057699960206924,0.9491346153846154,0.42531328320802003,,2044.98,20.310438356164386,6.3
Kisumu,2022,54125.0,34513.0,26980.0,10873.0,16460.0,11851.0,4155.0,2129.0,0.0,0.0,,,106.0,0.6376535796766744,0.403002223869533,0.7199878493317132,0.5123947051744886,,2193.93,20.244876712328768,6.3
Kisumu,2023,62195.0,105003.0,30755.0,23247.0,21500.0,26946.0,4220.0,2827.0,0.0,0.0,,,237.0,1.6882868397781172,0.7558770931555845,1.2533023255813953,0.6699052132701422,,3175.23,20.590520547945207,6.3
Kisumu,2024,48400.0,58657.0,22000.0,9897.0,21600.0,24246.0,4382.0,2924.0,0.0,0.0,,,250.0,1.2119214876033058,0.44986363636363635,1.1225,0.6672752167959836,,3042.9900000000002,20.590081967213116,6.3
Kitui,2019,76901.0,98046.0,34938.0,33498.0,70384.0,125000.0,122902.0,86323.0,0.0,0.0,,,,1.2749639146435028,0.9587841318907779,1.7759718117754035,0.7023726220891442,,709.3100000000001,24.410931506849316,6.5
Kitui,2020,87252.0,27960.0,32298.0,16044.0,67872.0,162004.0,93851.0,87448.0,0.0,0.0,,,,0.3204511071379453,0.4967490247074122,2.386904761904762,0.9317748345782144,,656.2,23.67756830601093,6.5
Kitui,2021,79035.0,11508.0,34320.0,6124.0,70509.0,20494.0,94415.0,31691.0,0.0,0.0,,,,0.14560637692161701,0.17843822843822843,0.29065793019330866,0.3356564105279881,,498.25,23.844904109589038,6.5
Kitui,2022,62987.0,9183.0,33539.0,10822.0,66391.0,19479.0,94836.0,43625.0,0.0,0.0,,,,0.14579198882309047,0.3226691314588986,0.2933982015634649,0.460004639588342,,421.51,23.891342465753425,6.5
Kitui,2023,83618.0,36292.0,33024.0,10948.0,68755.0,37325.0,113479.0,79435.0,0.0,0.0,,,,0.43402138295582293,0.33151647286821706,0.5428696094829467,0.6999973563390584,,848.94,23.82887671232877,6.5
Kitui,2024,89423.0,17845.0,35549.0,8900.0,60608.0,19836.0,96623.0,25780.0,0.0,0.0,,,,0.19955716090938572,0.250358659877915,0.32728352692713836,0.266810179770862,,570.53,24.33912568306011,6.5
Kwale,2019,65500.0,35485.0,308.0,98.0,1226.0,1800.0,6525.0,1737.0,0.0,0.0,,,,0.5417557251908397,0.3181818181818182,1.468189233278956,0.26620689655172414,,1480.41,26.176356164383563,6.5
Kwale,2020,56576.0,34061.0,299.0,116.0,718.0,574.0,6777.0,2396.0,0.0,0.0,,,,0.6020397341628959,0.3879598662207358,0.7994428969359332,0.3535487678913974,,1094.21,25.740901639344262,6.5
Kwale,2021,56128.0,33815.0,299.0,116.0,718.0,1026.0,6028.0,3052.0,0.0,0.0,,,,0.6024622291904219,0.3879598662207358,1.4289693593314763,0.5063039150630392,,753.73,26.25805479452055,6.5
Kwale,2022,23200.0,45428.0,299.0,2914.0,50.0,23.0,6472.0,3132.0,0.0,0.0,,,,1.9581034482758621,9.74581939799331,0.46,0.48393077873918416,,1022.05,25.983999999999998,6.5
Kwale,2023,60518.0,61037.0,324.0,227.0,308.0,190.0,6539.0,3335.0,0.0,0.0,,,,1.0085759608711458,0.7006172839506173,0.6168831168831169,0.5100168221440587,,1871.67,25.764849315068492,6.5
Kwale,2024,58116.0,44127.0,158.0,47.0,301.0,198.0,9668.0,5364.0,0.0,0.0,,,,0.7592917613049762,0.2974683544303797,0.6578073089700996,0.5548200248241622,,1045.17,26.201120218579238,6.5
Laikipia,2019,25260.0,44843.0,15962.0,11698.0,514.0,559.0,0.0,0.0,9373.0,50283.0,,,,1.7752573238321456,0.7328655556947751,1.0875486381322956,,5.364664461751841,711.73,20.76213698630137,6.8
Laikipia,2020,26470.0,39422.0,14535.0,13331.0,0.0,0.0,0.0,0.0,5136.0,36876.0,,,,1.4893086513033622,0.9171654626762986,,,7.179906542056075,1098.03,19.783551912568306,6.8
Laikipia,2021,24932.0,34520.0,14935.0,3620.0,0.0,0.0,0.0,0.0,8480.0,40270.0,,,,1.3845660195732392,0.24238366253766322,,,4.748820754716981,528.99,20.311013698630138,6.8
Laikipia,2022,25055.0,7288.0,8802.0,2913.0,0.0,0.0,0.0,0.0,19258.0,53762.0,,,56.4,0.2908800638595091,0.33094751192910704,,,2.7916709938726765,616.88,20.024,6.8
Laikipia,2023,29596.0,44264.0,11975.0,6252.0,0.0,0.0,0.0,0.0,6099.0,47857.0,,,58.0,1.4956075145289904,0.5220876826722338,,,7.84669617970159,699.39,20.49295890410959,6.8
Laikipia,2024,29240.0,51372.0,14265.0,9557.0,0.0,0.0,0.0,0.0,6910.0,25931.0,,,77.0,1.756908344733242,0.6699614440939362,,,3.7526772793053547,1047.46,20.162185792349725,6.8
Lamu,2019,29350.0,53232.0,0.0,0.0,572.0,777.0,9760.0,9760.0,0.0,0.0,,,,1.8136967632027257,,1.3583916083916083,1.0,,734.4,28.11101369863014,7.3
Lamu,2020,37500.0,28325.0,0.0,0.0,800.0,1663.0,9383.0,7882.0,0.0,0.0,,,,0.7553333333333333,,2.07875,0.8400298412021742,,577.17,27.56672131147541,7.3
Lamu,2021,16820.0,4772.0,0.0,0.0,30.0,34.0,6450.0,2395.0,0.0,0.0,,,,0.28370986920332936,,1.1333333333333333,0.37131782945736436,,517.03,27.83871232876712,7.3
Lamu,2022,39502.0,59102.0,0.0,0.0,950.0,960.0,8796.0,7477.0,0.0,0.0,,,,1.496177408738798,,1.0105263157894737,0.8500454752160073,,475.09,27.586136986301373,7.3
Lamu,2023,45800.0,74318.0,0.0,0.0,2004.0,2839.0,10555.0,10027.0,0.0,0.0,,,,1.6226637554585153,,1.4166666666666667,0.9499763145428707,,866.68,27.545205479452054,7.3
Lamu,2024,23154.0,48436.0,0.0,0.0,630.0,1133.0,16150.0,14842.0,0.0,0.0,,,,2.091906366070657,,1.7984126984126985,0.9190092879256966,,433.33,28.418387978142075,7.3
Machakos,2019,125358.0,92034.0,64880.0,30123.0,10952.0,8584.0,20597.0,8771.0,0.0,0.0,,,,0.7341693390130666,0.46428791615289766,0.7837837837837838,0.42583871437588,,714.27,21.75408219178082,6.0
Machakos,2020,133795.0,40927.0,73015.0,32341.0,9682.0,4548.0,19612.0,10522.0,0.0,0.0,,,,0.30589334429537723,0.44293638293501336,0.46973765750877916,0.5365082602488273,,844.38,20.955792349726774,6.0
Machakos,2021,144201.0,59321.0,78628.0,28874.0,8095.0,5053.0,20245.0,9352.0,0.0,0.0,,,,0.41137717491556924,0.36722287225924605,0.6242124768375541,0.4619412200543344,,543.43,21.166027397260276,6.0
Machakos,2022,134048.0,22597.0,89222.0,15346.0,9238.0,6008.0,16571.0,8664.0,0.0,0.0,,,8013.0,0.16857394366197184,0.17199793772836297,0.6503572201775276,0.5228411079596886,,452.47,21.190383561643834,6.0
Machakos,2023,138830.0,175493.0,89098.0,53826.0,5456.0,2010.0,24280.0,11265.0,0.0,0.0,,,8029.0,1.2640855722826478,0.6041213046308559,0.3684017595307918,0.4639621087314662,,777.42,21.284931506849315,6.0
Machakos,2024,158761.0,91910.0,86971.0,17988.0,2276.0,501.0,26674.0,7021.0,0.0,0.0,,,8098.0,0.578920515743791,0.2068275632107254,0.22012302284710017,0.2632151158431431,,714.98,21.660765027322405,6.0
Makueni,2019,139024.0,109434.0,38880.0,27575.0,10776.0,11380.0,76436.0,50009.0,11.0,110.0,,,,0.787159051674531,0.7092335390946503,1.0560504825538233,0.6542597728818881,10.0,684.12,22.30964383561644,5.9
Makueni,2020,146562.0,120000.0,38631.0,31218.0,8495.0,8153.0,80286.0,58625.0,11.0,110.0,,,,0.8187661194579768,0.8081074784499496,0.9597410241318423,0.7302020277507909,10.0,775.94,21.581775956284154,5.9
Makueni,2021,150726.0,88013.0,40186.0,24519.0,8256.0,5175.0,69955.0,42610.0,46.0,262.0,,,,0.5839271260432839,0.6101378589558553,0.6268168604651163,0.6091058537631334,5.695652173913044,487.76,21.79764383561644,5.9
Makueni,2022,132910.0,83018.0,49800.0,9960.0,7582.0,4725.0,75559.0,26446.0,45.0,270.0,,,1695.0,0.6246181626664661,0.2,0.6231864943286731,0.35000463214177,6.0,426.52,21.740602739726025,5.9
Makueni,2023,136912.0,81363.0,52656.0,23552.0,7113.0,2532.0,76212.0,39903.0,75.0,330.0,,,1695.0,0.5942722332593199,0.4472804618656943,0.35596794601433995,0.5235789639426862,4.4,829.91,21.768986301369864,5.9
Makueni,2024,155337.0,83506.0,55380.0,23921.0,7435.0,2098.0,72720.0,26777.0,71.0,311.0,,,1841.0,0.5375795850312546,0.43194293968941855,0.28217888365837257,0.3682205720572057,4.380281690140845,661.29,22.271830601092894,5.9
Mandera,2019,3071.0,964.0,0.0,0.0,937.0,499.0,86.0,41.0,0.0,0.0,,,,0.3139042657114946,,0.5325506937033084,0.47674418604651164,,602.33,27.313917808219177,7.2
Mandera,2020,3708.0,1847.0,0.0,0.0,1255.0,738.0,87.0,71.0,0.0,0.0,,,,0.4981121898597627,,0.5880478087649402,0.8160919540229885,,675.3100000000001,27.29248633879781,7.2
Mandera,2021,3510.0,1818.0,0.0,0.0,1204.0,786.0,94.0,28.0,0.0,0.0,,,,0.517948717948718,,0.6528239202657807,0.2978723404255319,,875.5600000000001,27.102657534246575,7.2
Mandera,2022,3209.0,2160.0,0.0,0.0,869.0,616.0,118.0,86.0,0.0,0.0,,,,0.6731068868806481,,0.7088607594936709,0.7288135593220338,,551.08,26.604684931506846,7.2
Mandera,2023,3209.0,2738.0,19.0,11.0,1345.0,1035.0,94.0,91.0,0.0,0.0,,,,0.8532253038329698,0.5789473684210527,0.7695167286245354,0.9680851063829787,,1092.54,26.5093698630137,7.2
Mandera,2024,2828.0,3113.0,25.0,18.0,1108.0,891.0,155.0,141.0,0.0,0.0,,,,1.1007779349363507,0.72,0.8041516245487365,0.9096774193548387,,505.87,27.77166666666667,7.2
Marsabit,2019,998.0,402.0,450.0,155.0,50.0,16.0,95.0,16.0,0.0,0.0,,,,0.4028056112224449,0.34444444444444444,0.32,0.16842105263157894,,264.28,29.639589041095892,7.5
Marsabit,2020,1023.0,293.0,521.0,173.0,69.0,17.0,77.0,17.0,0.0,0.0,,,,0.28641251221896386,0.33205374280230326,0.2463768115942029,0.22077922077922077,,461.1,29.000519125683063,7.5
Marsabit,2021,658.0,46.0,534.0,200.0,69.0,11.0,91.0,11.0,0.0,0.0,,,,0.06990881458966565,0.37453183520599254,0.15942028985507245,0.12087912087912088,,353.4,28.896465753424653,7.5
Marsabit,2022,591.0,3.0,310.0,3.0,76.0,3.0,91.0,4.0,0.0,0.0,,,,0.005076142131979695,0.00967741935483871,0.039473684210526314,0.04395604395604396,,144.29,28.985506849315065,7.5
Marsabit,2023,2184.0,337.0,476.0,226.0,106.0,140.0,146.0,78.0,0.0,0.0,,,,0.1543040293040293,0.47478991596638653,1.320754716981132,0.5342465753424658,,311.9,29.03767123287671,7.5
Marsabit,2024,1830.0,1089.0,588.0,160.0,112.0,87.0,182.0,39.0,0.0,0.0,,,,0.5950819672131148,0.272108843537415,0.7767857142857143,0.21428571428571427,,442.81,29.615546448087436,7.5
Meru,2019,74577.0,96249.0,98235.0,36025.0,12918.0,9970.0,5907.0,2191.0,17441.0,130185.0,27367857.0,,,1.2905989782372582,0.36672265485824806,0.7717912989626877,0.37091586253597425,7.464308239206468,1318.96,18.155123287671234,6.6
Meru,2020,67416.0,74757.0,80783.0,43593.0,10519.0,11903.0,7570.0,6054.0,21017.0,141926.0,32158861.0,136675160.0,,1.1088910644357421,0.5396308629290816,1.1315714421522958,0.7997357992073976,6.752914307465385,1528.69,17.095437158469945,6.6
Meru,2021,75058.0,53331.0,81119.0,51184.0,9368.0,7752.0,8017.0,4454.0,17392.0,224747.0,29489388.0,125329901.0,,0.7105305230621652,0.6309742477101542,0.8274978650725875,0.5555694149931396,12.922435602575897,1112.43,17.46712328767123,6.6
Meru,2022,66338.0,63157.0,76210.0,46847.0,9603.0,7978.0,5138.0,4233.0,20520.0,185731.0,31756603.0,134965561.0,8708.4,0.9520485995960083,0.6147093557275948,0.8307820472768926,0.8238614246788634,9.051218323586745,1631.46,16.771753424657533,6.6
Meru,2023,142379.0,151039.0,131624.0,54244.0,10897.0,34340.0,13561.0,7323.0,24604.0,236407.0,32776592.0,139300516.0,8787.0,1.060823576510581,0.4121132924086793,3.151326053042122,0.540004424452474,9.608478296211999,1765.62,17.371780821917806,6.6
Meru,2024,136082.0,133150.0,130331.0,63226.0,40991.0,30709.0,13940.0,7600.0,24660.0,263596.0,31048824.4,131957503.7,8995.0,0.9784541673402801,0.48511865941333987,0.7491644507330878,0.5451936872309899,10.689213300892133,1944.99,17.39912568306011,6.6
Migori,2019,80745.0,103965.0,33575.0,24198.0,11355.0,9080.0,1220.0,893.0,0.0,0.0,,,,1.2875719858814787,0.7207148175725987,0.7996477322765302,0.7319672131147541,,1813.16,22.574164383561644,6.4
Migori,2020,78222.0,95966.0,37995.0,27609.0,7034.0,4936.0,294.0,199.0,0.0,0.0,,,,1.2268415535271406,0.7266482431898934,0.7017344327551891,0.6768707482993197,,2271.0,21.29743169398907,6.4
Migori,2021,95034.0,99598.0,39279.0,28679.0,4381.0,3538.0,259.0,130.0,0.0,0.0,,,,1.0480249173979839,0.7301356959189389,0.8075781784980598,0.5019305019305019,,1460.65,21.977780821917808,6.4
Migori,2022,85628.0,92441.0,33548.0,32630.0,4514.0,3374.0,168.0,130.0,0.0,0.0,,,835.0,1.0795650955294998,0.9726362227256469,0.7474523704031901,0.7738095238095238,,1324.02,22.00731506849315,6.4
Migori,2023,78567.0,101474.0,36199.0,23267.0,5034.0,3922.0,221.0,213.0,0.0,0.0,,,835.0,1.2915600697493859,0.6427525622254758,0.7791021056813667,0.9638009049773756,,2036.24,22.353890410958904,6.4
Migori,2024,88449.0,148919.0,36133.0,39157.0,28225.0,60891.0,277.0,236.0,0.0,0.0,,,857.0,1.6836708159504348,1.0836908089558022,2.1573427812223205,0.851985559566787,,1816.38,22.27363387978142,6.4
Mombasa,2019,481.0,259.0,0.0,0.0,0.0,0.0,45.0,24.0,0.0,0.0,,,,0.5384615384615384,,,0.5333333333333333,,1480.41,26.176356164383563,6.4
Mombasa,2020,606.0,803.0,0.0,0.0,0.0,0.0,46.0,33.0,0.0,0.0,,,,1.325082508250825,,,0.717391304347826,,1094.21,25.740901639344262,6.4
Mombasa,2021,649.0,0.0,0.0,0.0,0.0,0.0,58.0,7.0,0.0,0.0,,,,0.0,,,0.1206896551724138,,753.73,26.25805479452055,6.4
Mombasa,2022,842.0,272.0,0.0,0.0,0.0,0.0,50.0,10.0,0.0,0.0,,,,0.32304038004750596,,,0.2,,1022.05,25.983999999999998,6.4
Mombasa,2023,876.0,878.0,0.0,0.0,0.0,0.0,57.0,39.0,0.0,0.0,,,,1.0022831050228311,,,0.6842105263157895,,1871.67,25.764849315068492,6.4
Mombasa,2024,867.0,770.0,0.0,0.0,0.0,0.0,53.0,33.0,0.0,0.0,,,,0.8881199538638985,,,0.6226415094339622,,1045.17,26.201120218579238,6.4
Murang'a,2019,68329.0,74087.0,46997.0,16606.0,131.0,117.0,166.0,64.0,6642.0,22753.0,42371117.0,,,1.084268758506637,0.35334170266187204,0.8931297709923665,0.3855421686746988,3.4256248118036736,738.74,19.523671232876712,5.5
Murang'a,2020,66381.0,63653.0,46011.0,17417.0,164.0,107.0,164.0,92.0,6548.0,22484.0,53666315.0,228081839.0,,0.9589039032253205,0.37853991436830325,0.6524390243902439,0.5609756097560976,3.433720219914478,1017.42,18.562131147540985,5.5
Murang'a,2021,62983.0,49256.0,44757.0,21268.0,223.0,189.0,177.0,113.0,6314.0,32708.0,48806191.0,207426312.0,,0.7820522998269375,0.47518823871126303,0.8475336322869955,0.6384180790960452,5.1802343997465945,601.18,19.021095890410958,5.5
Murang'a,2022,67530.0,47434.0,96203.0,19967.0,126.0,79.0,350.0,187.0,14949.0,66314.0,47471194.0,201752575.0,9413.0,0.7024137420405746,0.207550700082118,0.626984126984127,0.5342857142857143,4.436015787009165,477.37,19.06986301369863,5.5
Murang'a,2023,68399.0,56827.0,46051.0,18186.0,203.0,143.0,175.0,97.0,7470.0,26037.0,47260212.0,200855899.0,9471.0,0.8308162400035088,0.39490999109682745,0.7044334975369458,0.5542857142857143,3.485542168674699,809.61,19.244164383561642,5.5
Murang'a,2024,54189.0,55488.0,33643.0,16382.0,210.0,188.0,163.0,86.0,7242.0,35792.0,51062213.4,217014406.9,9321.0,1.023971654763882,0.48693636120441103,0.8952380952380953,0.5276073619631901,4.942281137807235,878.58,19.287322404371583,5.5
Nairobi,2019,725.0,1087.0,508.0,281.0,7.0,6.0,5.0,4.0,23.0,161.0,,,,1.4993103448275862,0.5531496062992126,0.8571428571428571,0.8,7.0,530.91,20.767260273972603,7.0
Nairobi,2020,684.0,972.0,518.0,331.0,5.0,3.0,9.0,11.0,10.0,69.0,,,,1.4210526315789473,0.638996138996139,0.6,1.2222222222222223,6.9,787.36,19.910218579234975,7.0
Nairobi,2021,754.0,571.0,549.0,288.0,7.0,16.0,5.0,4.0,35.0,246.0,,,,0.7572944297082228,0.5245901639344263,2.2857142857142856,0.8,7.0285714285714285,430.85,20.2846301369863,7.0
Nairobi,2022,661.0,246.0,533.0,232.0,4.0,2.0,6.0,3.0,19.0,99.0,,,,0.3721633888048411,0.4352720450281426,0.5,0.5,5.2105263157894735,333.93,20.33539726027397,7.0
Nairobi,2023,758.0,676.0,588.0,227.0,5.0,4.0,4.0,3.0,26.0,135.0,,,,0.8918205804749341,0.38605442176870747,0.8,0.75,5.1923076923076925,482.2,20.584876712328768,7.0
Nairobi,2024,713.0,641.0,605.0,287.0,4.0,3.0,8.0,5.0,31.0,243.0,,,,0.8990182328190743,0.4743801652892562,0.75,0.625,7.838709677419355,675.42,20.625792349726776,7.0
Nakuru,2019,76706.0,214784.0,45977.0,36575.0,806.0,1486.0,0.0,0.0,39195.0,431145.0,4004614.0,,,2.80009386488671,0.7955064488766123,1.8436724565756824,,11.0,1984.53,16.047123287671234,6.2
Nakuru,2020,64963.0,206151.0,39555.0,38884.0,713.0,1054.0,0.0,0.0,29868.0,372103.0,5128681.0,21796894.0,,3.1733602204331697,0.9830362785994186,1.4782608695652173,,12.45824963171287,2471.95,15.371420765027322,6.2
Nakuru,2021,87651.0,242825.0,61027.0,42274.0,560.0,858.0,0.0,0.0,40285.0,422207.0,5294344.0,22500962.0,,2.7703620038562025,0.6927097841938814,1.5321428571428573,,10.480501427330271,1610.9,15.425123287671234,6.2
Nakuru,2022,66315.0,213786.0,76260.0,94741.0,480.0,602.0,0.0,0.0,46731.0,523324.0,7942148.0,33754129.0,1999.2,3.2237955213752545,1.2423419879360085,1.2541666666666667,,11.198647578695084,1595.46,15.519945205479452,6.2
Nakuru,2023,71470.0,215412.0,50835.0,99926.0,559.0,856.0,100.0,104.0,49981.0,657091.0,8499321.0,36122114.0,2052.0,3.0140198684762836,1.965692928100718,1.5313059033989267,1.04,13.1468157900002,2202.71,15.881561643835617,6.2
Nakuru,2024,94421.0,201876.0,61416.0,55497.0,660.0,1138.0,8.0,10.0,48513.0,476876.0,7408918.0,31487901.5,2097.0,2.1380413255525785,0.9036244626807347,1.7242424242424241,1.25,9.829860037515717,2464.54,15.830683060109289,6.2
Nandi,2019,66627.0,184127.0,32088.0,23179.0,214.0,340.0,0.0,0.0,480.0,6010.0,67006156.0,,,2.763549311840545,0.7223572675143356,1.588785046728972,,12.520833333333334,2950.71,20.627972602739725,5.4
Nandi,2020,59746.0,165866.0,25116.0,18295.0,140.0,303.0,0.0,0.0,518.0,6509.0,92700447.0,393976902.0,,2.776185853446256,0.7284201305940436,2.164285714285714,,12.565637065637066,3399.84,19.99292349726776,5.4
Nandi,2021,26825.0,64175.0,19998.0,16327.0,127.0,223.0,0.0,0.0,483.0,6085.0,89577980.0,380706414.0,,2.392357875116496,0.8164316431643164,1.7559055118110236,,12.598343685300208,2044.98,20.310438356164386,5.4
Nandi,2022,45674.0,89447.0,32840.0,27519.0,162.0,269.0,0.0,0.0,629.0,7548.0,87013756.0,369808464.0,1915.0,1.958378946446556,0.8379719853836785,1.6604938271604939,,12.0,2193.93,20.244876712328768,5.4
Nandi,2023,67429.0,159556.0,30277.0,21830.0,463.0,760.0,0.0,0.0,644.0,6611.0,97681320.0,415145611.0,2319.0,2.366281570244257,0.721009347029098,1.6414686825053997,,10.26552795031056,3175.23,20.590520547945207,5.4
Nandi,2024,57812.0,179389.0,23921.0,27541.0,88.0,145.0,0.0,0.0,639.0,5346.0,108843413.4,462584506.8,2486.0,3.1029717013768767,1.151331466075833,1.6477272727272727,,8.366197183098592,3042.9900000000002,20.590081967213116,5.4
Narok,2019,111559.0,210005.0,48121.0,34728.0,898.0,1431.0,0.0,0.0,12077.0,138388.0,,,,1.8824568165723967,0.7216807630764115,1.5935412026726057,,11.458805994866275,1480.41,26.176356164383563,6.6
Narok,2020,116717.0,202855.0,44951.0,28789.0,843.0,1143.0,0.0,0.0,15236.0,150536.0,3237154.0,13757905.0,,1.7380073168433048,0.6404529376432115,1.3558718861209964,,9.88028353898661,1094.21,25.740901639344262,6.6
Narok,2021,121809.0,280273.0,49599.0,44947.0,1525.0,879.0,0.0,0.0,14560.0,135176.0,3157342.0,13418704.0,,2.3009219351607846,0.9062077864473074,0.5763934426229508,,9.284065934065934,753.73,26.25805479452055,6.6
Narok,2022,127460.0,271028.0,52813.0,39352.0,1044.0,1160.0,0.0,0.0,12742.0,87981.0,3109657.0,13216042.0,337.2,2.126376902557665,0.7451195728324466,1.1111111111111112,,6.904803013655627,1022.05,25.983999999999998,6.6
Narok,2023,132396.0,314403.0,48245.0,44773.0,1486.0,2391.0,0.0,0.0,14975.0,140615.0,3748278.0,15930182.0,360.0,2.3747167588144658,0.928033993159913,1.6090174966352624,,9.389983305509181,1871.67,25.764849315068492,6.6
Narok,2024,122245.0,224236.0,41586.0,20699.0,1362.0,2134.0,0.0,0.0,17872.0,157252.0,3383666.0,14380580.5,377.0,1.8343163319563172,0.4977396239118934,1.566813509544787,,8.798791405550581,1045.17,26.201120218579238,6.6
Nyamira,2019,46870.0,80693.0,33090.0,23150.0,81.0,59.0,0.0,0.0,22.0,255.0,33487196.0,,,1.7216343076594838,0.6996071320640677,0.7283950617283951,,11.590909090909092,2668.85,20.31772602739726,5.3
Nyamira,2020,42730.0,67563.0,31830.0,26574.0,44.0,47.0,0.0,0.0,13.0,141.0,41461354.0,176210755.0,,1.5811607769716827,0.8348727615457116,1.0681818181818181,,10.846153846153847,3088.7599999999998,19.567049180327867,5.3
Nyamira,2021,43134.0,61937.0,31435.0,19219.0,39.0,45.0,0.0,0.0,18.0,190.0,38882810.0,165251944.0,,1.4359206194649232,0.6113885796087164,1.1538461538461537,,10.555555555555555,2000.8,19.95194520547945,5.3
Nyamira,2022,48280.0,76884.0,31182.0,30168.0,45.0,38.0,0.0,0.0,22.0,220.0,37842685.0,160831410.0,2710.5,1.592460646230323,0.9674812391764479,0.8444444444444444,,10.0,1880.69,19.823616438356165,5.3
Nyamira,2023,48175.0,63424.0,30021.0,10684.0,65.0,45.0,0.0,0.0,20.0,122.0,39302809.0,167036937.0,2711.0,1.316533471717696,0.35588421438326506,0.6923076923076923,,6.1,3064.59,20.238246575342465,5.3
Nyamira,2024,48580.0,89599.0,27157.0,16391.0,54.0,47.0,0.0,0.0,20.0,148.0,37030717.0,157380547.1,2781.0,1.8443598188554962,0.6035644585189822,0.8703703703703703,,7.4,2975.64,20.182377049180328,5.3
Nyandarua,2019,13800.0,27795.0,6505.0,4174.0,0.0,0.0,0.0,0.0,38130.0,423490.0,,,,2.014130434782609,0.6416602613374327,,,11.106477838971939,1639.18,18.47649315068493,6.0
Nyandarua,2020,17660.0,39170.0,8822.0,7188.0,0.0,0.0,0.0,0.0,38805.0,428269.0,,,,2.2180067950169877,0.814781228746316,,,11.036438603272774,2087.33,17.316748633879783,6.0
Nyandarua,2021,14070.0,27958.0,7000.0,6035.0,0.0,0.0,0.0,0.0,37590.0,384323.0,,,,1.9870646766169153,0.8621428571428571,,,10.224075552008513,1298.53,17.791287671232876,6.0
Nyandarua,2022,20060.0,26836.0,1655.0,1337.0,0.0,0.0,0.0,0.0,19590.0,101099.0,,,,1.3377866400797607,0.8078549848942598,,,5.160745278203165,1289.7,18.10345205479452,6.0
Nyandarua,2023,20716.0,46617.0,5542.0,3183.0,0.0,0.0,0.0,0.0,43587.0,437748.0,,,,2.250289631202935,0.5743413929989174,,,10.043086241310483,1690.31,18.36328767123288,6.0
Nyandarua,2024,14987.0,28698.0,6951.0,6138.0,0.0,0.0,0.0,0.0,34980.0,394325.0,,,,1.9148595449389472,0.8830384117393181,,,11.272870211549456,2162.33,17.860710382513663,6.0
Nyeri,2019,28874.0,29738.0,21675.0,8950.0,0.0,0.0,0.0,0.0,16118.0,123280.0,19235307.0,,,1.029923114220406,0.4129181084198385,,,7.648591636679488,1318.96,18.155123287671234,6.0
Nyeri,2020,26521.0,26251.0,20525.0,11214.0,0.0,0.0,0.0,0.0,16358.0,95994.0,24860707.0,105658005.0,,0.9898193884091852,0.5463580998781973,,,5.868321310673677,1528.69,17.095437158469945,6.0
Nyeri,2021,27067.0,19382.0,18773.0,7889.0,0.0,0.0,0.0,0.0,16469.0,94420.0,22522871.0,95722202.0,,0.7160749251856504,0.42023118308208596,,,5.733195701014027,1112.43,17.46712328767123,6.0
Nyeri,2022,26984.0,14323.0,16994.0,5378.0,0.0,0.0,0.0,0.0,14711.0,97669.0,19313744.0,82083412.0,9841.0,0.5307960272754225,0.3164646345769095,,,6.639181564815444,1631.46,16.771753424657533,6.0
Nyeri,2023,31317.0,35280.0,18340.0,6464.0,0.0,0.0,0.0,0.0,16447.0,97975.0,21669900.0,92097075.0,9987.0,1.1265446881885237,0.352453653217012,,,5.957013437100991,1765.62,17.371780821917806,6.0
Nyeri,2024,29248.0,24832.0,19883.0,10148.0,0.0,0.0,0.0,0.0,12749.0,89556.0,24347629.0,103477423.3,10016.0,0.849015317286652,0.5103857566765578,,,7.02455094517217,1944.99,17.39912568306011,6.0
Samburu,2019,8580.0,1839.0,4817.0,724.0,8.0,9.0,15.0,3.0,80.0,480.0,,,,0.21433566433566434,0.1503010172306415,1.125,0.2,6.0,485.9,21.468931506849316,6.9
Samburu,2020,10320.0,9756.0,4854.0,842.0,8.0,5.0,10.0,2.0,40.0,325.0,,,,0.9453488372093023,0.1734651833539349,0.625,0.2,8.125,809.23,20.712185792349725,6.9
Samburu,2021,12425.0,12090.0,3244.0,3636.0,8.0,5.0,8.0,2.0,20.0,160.0,,,,0.9730382293762575,1.1208384710234278,0.625,0.25,8.0,360.9,21.008027397260275,6.9
Samburu,2022,15870.0,11178.0,5380.0,1735.0,5.0,2.0,9.0,3.0,50.0,450.0,,,,0.7043478260869566,0.3224907063197026,0.4,0.3333333333333333,9.0,500.33,20.74504109589041,6.9
Samburu,2023,6448.0,15298.0,4897.0,4615.0,5.0,2.0,10.0,4.0,322.0,2355.0,,,,2.372518610421836,0.9424137226873596,0.4,0.4,7.313664596273292,475.1,21.164849315068494,6.9
Samburu,2024,11572.0,9135.0,5287.0,2619.0,2.0,1.0,8.0,3.0,110.0,859.0,,,,0.7894054614586934,0.49536599205598636,0.5,0.375,7.8090909090909095,709.75,21.129371584699456,6.9
Siaya,2019,64387.0,75733.0,33194.0,17197.0,15634.0,16288.0,673.0,429.0,0.0,0.0,,,,1.1762156957149734,0.5180755558233415,1.041831904822822,0.637444279346211,,2530.73,23.00282191780822,6.5
Siaya,2020,63493.0,72351.0,31942.0,17286.0,16019.0,14925.0,669.0,360.0,0.0,0.0,,,,1.1395114422062274,0.5411683676663953,0.9317060990074286,0.5381165919282511,,2763.37,22.52622950819672,6.5
Siaya,2021,83933.0,53512.0,39931.0,18900.0,15999.0,15555.0,773.0,255.0,0.0,0.0,,,,0.6375561459735741,0.47331647091232376,0.9722482655165948,0.3298835705045278,,1754.51,22.961835616438357,6.5
Siaya,2022,73521.0,76580.0,35005.0,16747.0,14643.0,15183.0,665.0,194.0,0.0,0.0,,,,1.041607159859088,0.47841736894729325,1.0368776889981561,0.29172932330827067,,1875.08,22.872301369863013,6.5
Siaya,2023,77550.0,115191.0,36840.0,14100.0,15046.0,14876.0,695.0,334.0,0.0,0.0,,,,1.485377176015474,0.38273615635179153,0.9887013159643759,0.4805755395683453,,2826.91,23.3373698630137,6.5
Siaya,2024,77660.0,143979.0,37498.0,23852.0,10438.0,15007.0,615.0,315.0,0.0,0.0,,,,1.8539660056657223,0.6360872579870926,1.4377275340103468,0.5121951219512195,,2308.67,23.281256830601095,6.5
Taita Taveta,2019,17069.0,16698.0,2600.0,1383.0,2435.0,3972.0,3037.0,2803.0,33.0,561.0,,,,0.9782646903743629,0.5319230769230769,1.631211498973306,0.9229502798814619,17.0,738.74,19.523671232876712,6.4
Taita Taveta,2020,10006.0,16643.0,2687.0,2224.0,2071.0,3327.0,3527.0,3462.0,36.0,578.0,,,,1.6633020187887269,0.8276888723483439,1.6064703042008692,0.9815707400056706,16.055555555555557,1017.42,18.562131147540985,6.4
Taita Taveta,2021,12252.0,3360.0,3481.0,3542.0,1446.0,987.0,2942.0,3043.0,738.0,1360.0,,,,0.2742409402546523,1.017523700086182,0.6825726141078838,1.0343303874915024,1.8428184281842819,601.18,19.021095890410958,6.4
Taita Taveta,2022,11464.0,10893.0,2942.0,3036.0,1368.0,849.0,2954.0,1329.0,739.0,619.0,,,,0.9501919050942079,1.0319510537049625,0.6206140350877193,0.449898442789438,0.8376184032476319,477.37,19.06986301369863,6.4
Taita Taveta,2023,13596.0,12393.0,3837.0,3332.0,1991.0,1193.0,3305.0,2280.0,553.0,2467.0,,,,0.9115180935569285,0.8683867604899661,0.5991963837267704,0.6898638426626323,4.461121157323689,809.61,19.244164383561642,6.4
Taita Taveta,2024,11426.0,13176.0,4436.0,4119.0,1572.0,781.0,8243.0,2791.0,564.0,2172.0,,,,1.1531594608786977,0.9285392245266005,0.49681933842239184,0.33859031905859516,3.851063829787234,878.58,19.287322404371583,6.4
Tana River,2019,5311.0,4471.0,52.0,45.0,0.0,0.0,1453.0,1368.0,0.0,0.0,,,,0.8418376953492751,0.8653846153846154,,0.9415003441156229,,617.37,27.982109589041094,6.9
Tana River,2020,5666.0,8222.0,3.0,3.0,0.0,0.0,1220.0,1391.0,0.0,0.0,,,,1.4511118955171196,1.0,,1.1401639344262295,,490.46,27.56071038251366,6.9
Tana River,2021,4251.0,958.0,3.0,3.0,0.0,0.0,1260.0,1260.0,0.0,0.0,,,,0.225358739120207,1.0,,1.0,,381.12,27.819041095890412,6.9
Tana River,2022,6673.0,8257.0,3.0,2.0,0.0,0.0,1268.0,1522.0,0.0,0.0,,,,1.237374494230481,0.6666666666666666,,1.2003154574132493,,370.79,27.790027397260275,6.9
Tana River,2023,5734.0,5879.0,4.0,2.0,0.0,0.0,1300.0,1690.0,0.0,0.0,,,,1.0252877572375305,0.5,,1.3,,897.74,27.335972602739723,6.9
Tana River,2024,5063.0,14658.0,31.0,7.0,0.0,0.0,2897.0,3645.0,0.0,0.0,,,,2.8951214694844953,0.22580645161290322,,1.2581981360027614,,490.35,28.228633879781423,6.9
Tharaka Nithi,2019,24436.0,11943.0,0.0,0.0,19460.0,12241.0,0.0,0.0,0.0,0.0,4232604.0,,,0.4887461122933377,,0.6290339157245632,,,1318.96,18.155123287671234,6.0
Tharaka Nithi,2020,18591.0,41601.0,13684.0,16621.0,18097.0,11972.0,29677.0,14296.0,62.0,620.0,5012526.0,21303236.0,,2.2376956591899306,1.2146302250803858,0.6615461126153506,0.4817198503891903,10.0,1528.69,17.095437158469945,6.0
Tharaka Nithi,2021,25420.0,30352.0,8905.0,7047.0,19127.0,12337.0,31009.0,12172.0,50.0,525.0,4106309.0,17451813.0,,1.1940204563335957,0.7913531723750702,0.6450044439797146,0.39253120061917507,10.5,1112.43,17.46712328767123,6.0
Tharaka Nithi,2022,23640.0,20668.0,18675.0,5563.0,18827.0,11337.0,13630.0,3271.0,20.0,4.0,4416613.0,18770605.0,3680.9,0.8742808798646362,0.2978848728246319,0.6021671004408562,0.23998532648569332,0.2,1631.46,16.771753424657533,6.0
Tharaka Nithi,2023,26617.0,33808.0,17232.0,13895.0,18843.0,11066.0,28340.0,11336.0,61.0,538.0,4658970.0,19800623.0,3741.0,1.2701656835856783,0.8063486536675951,0.5872737886748395,0.4,8.819672131147541,1765.62,17.371780821917806,6.0
Tharaka Nithi,2024,37588.0,55426.0,17489.0,18882.0,14675.0,8947.0,27722.0,9749.0,11.0,141.0,4859909.0,20654613.3,3858.0,1.4745663509630733,1.0796500657556178,0.6096763202725723,0.35167015366856647,12.818181818181818,1944.99,17.39912568306011,6.0
Trans Nzoia,2019,106549.0,426499.0,62428.0,25202.0,307.0,450.0,0.0,0.0,1653.0,15000.0,,,,4.002843762024984,0.40369705901198183,1.4657980456026058,,9.074410163339383,2316.38,17.52449315068493,5.9
Trans Nzoia,2020,104850.0,489056.0,54893.0,25061.0,287.0,386.0,0.0,0.0,1675.0,9750.0,,15532186.0,,4.664339532665713,0.4565427285810577,1.3449477351916377,,5.82089552238806,3451.58,16.69431693989071,5.9
Trans Nzoia,2021,107090.0,407913.0,52418.0,18924.0,273.0,382.0,0.0,0.0,1758.0,9940.0,,11496816.0,,3.8090671397889624,0.36102102331260255,1.3992673992673992,,5.654152445961319,1630.65,17.02345205479452,5.9
Trans Nzoia,2022,95140.0,339990.0,57650.0,51734.0,315.0,314.0,0.0,0.0,2765.0,33180.0,,10950158.0,2198.0,3.5735757830565484,0.8973807458803122,0.9968253968253968,,12.0,1917.3799999999999,17.134849315068493,5.9
Trans Nzoia,2023,125065.0,448011.0,61462.0,47842.0,491.0,988.0,53.0,44.0,1635.0,13181.0,,12580413.0,2360.0,3.582225242873706,0.7783996615795126,2.0122199592668024,0.8301886792452831,8.06177370030581,2274.35,17.420027397260274,5.9
Trans Nzoia,2024,124976.0,423156.0,54671.0,46875.0,445.0,802.0,53.0,44.0,2566.0,26718.0,,9714904.4,2406.0,3.3858980924337474,0.8574015474383129,1.8022471910112359,0.8301886792452831,10.412314886983632,2917.31,17.27901639344262,5.9
Trans-Nzoia/Bungoma,2019,0.0,0.0,0.0,0.0,0.0,0.0,0.0,0.0,0.0,0.0,3712039.0,,,,,,,,2316.38,17.52449315068493,5.9
Trans-Nzoia/Bungoma,2020,0.0,0.0,0.0,0.0,0.0,0.0,0.0,0.0,0.0,0.0,3654632.0,,,,,,,,3451.58,16.69431693989071,5.9
Trans-Nzoia/Bungoma,2021,0.0,0.0,0.0,0.0,0.0,0.0,0.0,0.0,0.0,0.0,2705133.0,,,,,,,,1630.65,17.02345205479452,5.9
Trans-Nzoia/Bungoma,2022,0.0,0.0,0.0,0.0,0.0,0.0,0.0,0.0,0.0,0.0,2576508.0,,,,,,,,1917.3799999999999,17.134849315068493,5.9
Trans-Nzoia/Bungoma,2023,0.0,0.0,0.0,0.0,0.0,0.0,0.0,0.0,0.0,0.0,2960097.0,,,,,,,,2274.35,17.420027397260274,5.9
Trans-Nzoia/Bungoma,2024,0.0,0.0,0.0,0.0,0.0,0.0,0.0,0.0,0.0,0.0,2285859.9,,,,,,,,2917.31,17.27901639344262,5.9
Turkana,2019,8931.0,5689.0,0.0,0.0,5682.0,3500.0,148.0,151.0,0.0,0.0,,,,0.6369947374314187,,0.6159802886307638,1.0202702702702702,,715.34,26.652849315068497,8.0
Turkana,2020,2475.0,2582.0,0.0,0.0,5520.0,6736.0,4.0,4.0,0.0,0.0,,,,1.0432323232323233,,1.2202898550724637,1.0,,1817.93,25.56456284153005,8.0
Turkana,2021,1295.0,1154.0,0.0,0.0,2580.0,3812.0,0.0,0.0,0.0,0.0,,,,0.8911196911196911,,1.4775193798449613,,,536.72,26.178383561643837,8.0
Turkana,2022,3408.0,452.0,0.0,0.0,5108.0,922.0,190.0,47.0,0.0,0.0,,,,0.13262910798122066,,0.18050117462803444,0.24736842105263157,,341.15,26.700986301369866,8.0
Turkana,2023,1750.0,1331.0,0.0,0.0,4843.0,3951.0,292.0,204.0,0.0,0.0,,,,0.7605714285714286,,0.8158166425769151,0.6986301369863014,,548.72,26.602986301369864,8.0
Turkana,2024,3704.0,4217.0,0.0,0.0,2649.0,1516.0,55.0,28.0,0.0,0.0,,,,1.138498920086393,,0.5722914307285768,0.509090909090909,,975.76,26.290273224043716,8.0
Uasin Gishu,2019,100081.0,324366.0,14668.0,8127.0,83.0,159.0,0.0,0.0,4053.0,40000.0,,,,3.2410347618429074,0.5540632669757295,1.9156626506024097,,9.869232667160128,2667.79,19.253643835616437,5.5
Uasin Gishu,2020,106999.0,456574.0,18389.0,15023.0,82.0,59.0,0.0,0.0,7189.0,54367.0,,,,4.267086608286059,0.8169557887867747,0.7195121951219512,,7.562526081513424,3457.72,18.41655737704918,5.5
Uasin Gishu,2021,104645.0,385400.0,19389.0,14127.0,75.0,176.0,0.0,0.0,7237.0,56659.0,,,,3.6829279946485736,0.7286090051059879,2.3466666666666667,,7.829072820229377,1792.03,18.7153698630137,5.5
Uasin Gishu,2022,102820.0,359870.0,17045.0,12600.0,96.0,99.0,0.0,0.0,6856.0,50853.0,,,341.0,3.5,0.7392197125256673,1.03125,,7.417298716452742,2004.64,18.875479452054794,5.5
Uasin Gishu,2023,117923.0,476538.0,22430.0,23560.0,89.0,217.0,0.0,0.0,7699.0,55590.0,,,662.0,4.041094612586179,1.050378956754347,2.438202247191011,,7.220418236134563,2518.62,19.151534246575345,5.5
Uasin Gishu,2024,107009.0,483211.0,21713.0,14680.0,132.0,184.0,0.0,0.0,5366.0,70139.0,,,723.0,4.515610836471699,0.6760926633813844,1.393939393939394,,13.071002609019754,2945.95,19.014098360655737,5.5
Vihiga,2019,28560.0,38208.0,23680.0,17605.0,170.0,285.0,0.0,0.0,0.0,0.0,,,,1.33781512605042,0.7434543918918919,1.6764705882352942,,,2950.71,20.627972602739725,5.5
Vihiga,2020,25134.0,30566.0,20260.0,16657.0,136.0,228.0,0.0,0.0,0.0,0.0,,,,1.2161215882867829,0.8221618953603159,1.6764705882352942,,,3399.84,19.99292349726776,5.5
Vihiga,2021,22340.0,24191.0,19378.0,12457.0,162.0,121.0,0.0,0.0,0.0,0.0,,,,1.0828558639212176,0.6428423985963464,0.7469135802469136,,,2044.98,20.310438356164386,5.5
Vihiga,2022,26142.0,25335.0,19378.0,18308.0,168.0,103.0,0.0,0.0,0.0,0.0,,,15.0,0.9691301354142758,0.9447827433171638,0.6130952380952381,,,2193.93,20.244876712328768,5.5
Vihiga,2023,24921.0,29659.0,18918.0,6172.0,193.0,219.0,0.0,0.0,0.0,0.0,,,19.0,1.1901207816700774,0.32625013214927584,1.1347150259067358,,,3175.23,20.590520547945207,5.5
Vihiga,2024,24771.0,34171.0,18853.0,12915.0,303.0,222.0,0.0,0.0,0.0,0.0,,,20.0,1.3794760001614792,0.6850368641595502,0.7326732673267327,,,3042.9900000000002,20.590081967213116,5.5
Wajir,2019,306.0,225.0,0.0,0.0,327.0,497.0,0.0,0.0,0.0,0.0,,,,0.7352941176470589,,1.5198776758409787,,,692.97,28.305561643835617,7.7
Wajir,2020,98.0,39.0,3.0,2.0,442.0,199.0,0.0,0.0,0.0,0.0,,,,0.3979591836734694,0.6666666666666666,0.4502262443438914,,,650.75,28.09095628415301,7.7
Wajir,2021,54.0,19.0,3.0,1.0,412.0,143.0,0.0,0.0,0.0,0.0,,,,0.35185185185185186,0.3333333333333333,0.3470873786407767,,,1350.22,28.234219178082192,7.7
Wajir,2022,72.0,25.0,3.0,0.0,279.0,346.0,0.0,0.0,0.0,0.0,,,,0.3472222222222222,0.0,1.2401433691756272,,,845.35,27.38986301369863,7.7
Wajir,2023,132.0,34.0,46.0,60.0,380.0,324.0,0.0,0.0,0.0,0.0,,,,0.25757575757575757,1.3043478260869565,0.8526315789473684,,,1295.42,27.531616438356167,7.7
Wajir,2024,278.0,216.0,44.0,41.0,541.0,353.0,0.0,0.0,0.0,0.0,,,,0.7769784172661871,0.9318181818181818,0.6524953789279113,,,471.03000000000003,28.91650273224044,7.7
West Pokot,2019,36720.0,82849.0,15696.0,10992.0,436.0,654.0,175.0,108.0,1800.0,26563.0,,,,2.256236383442266,0.7003058103975535,1.5,0.6171428571428571,14.757222222222222,1415.1,21.24227397260274,6.1
West Pokot,2020,32354.0,23400.0,17261.0,7644.0,162.0,221.0,90.0,57.0,1750.0,17500.0,,,,0.7232490573035791,0.4428480389316957,1.3641975308641976,0.6333333333333333,10.0,2200.47,20.05792349726776,6.1
West Pokot,2021,34911.0,53193.0,15900.0,5333.0,331.0,431.0,123.0,69.0,2517.0,24365.0,,,,1.5236744865515166,0.33540880503144654,1.3021148036253776,0.5609756097560976,9.680174811283274,970.45,21.17958904109589,6.1
West Pokot,2022,34780.0,52650.0,14843.0,4295.0,278.0,245.0,81.0,41.0,1858.0,16135.0,,,178.0,1.5138010350776308,0.28936198881627706,0.8812949640287769,0.5061728395061729,8.684068891280948,1161.9,21.10391780821918,6.1
West Pokot,2023,49097.0,96010.0,25166.0,19962.0,301.0,348.0,125.0,81.0,8009.0,96109.0,,,186.0,1.9555166303440128,0.7932130652467615,1.1561461794019934,0.648,12.000124859533026,1405.77,21.262931506849316,6.1
West Pokot,2024,56403.0,96984.0,28943.0,16528.0,1239.0,810.0,699.0,394.0,2456.0,27994.0,,,207.0,1.7194830062230733,0.5710534498842552,0.6537530266343826,0.5636623748211731,11.398208469055374,1838.25,20.995382513661202,6.1
